"teste","origem","requisito","recurso","versao","perfil","organizacao","pre_condicoes","fixture","passos","esperado","observado","modalidade","evidencia","status","severidade","achado","limpeza","pendencia"
"T-UI-001","V3 J03 cap7","Entrada sem adulterar dados","REC-UI-06","847048429a86294aa10fa54ffdd750c04447d4fb","fixture local; sem papel remoto","A/B sintéticas quando aplicável","fonte local; TypeScript runtime; dependências em stub","declarada em probes-produto.mjs","CSV com quebra de linha em campo entre aspas","[[""Empresa"",""linha 1\r\nlinha 2""]]","[[""Empresa"",""linha 1""],[""linha 2""]]","contrato simulado local; fonte de produção carregada","EVIDENCIAS/produto/EV-UI-001-probes.json","REPROVADO","P2","ACH-UI-001","Nenhum dado remoto criado","Repetir teste original após correção; E2E por perfis quando aplicável"
"T-UI-002","V3 J03 cap7","Entrada sem adulterar dados","REC-UI-06","847048429a86294aa10fa54ffdd750c04447d4fb","fixture local; sem papel remoto","A/B sintéticas quando aplicável","fonte local; TypeScript runtime; dependências em stub","declarada em probes-produto.mjs","CSV com aspas escapadas","""Peça \""A\"" aprovada""","""Peça A aprovada""","contrato simulado local; fonte de produção carregada","EVIDENCIAS/produto/EV-UI-001-probes.json","REPROVADO","P2","ACH-UI-001","Nenhum dado remoto criado","Repetir teste original após correção; E2E por perfis quando aplicável"
"T-UI-003","V3 J03 cap7","Aceitar CSV simples","REC-UI-06","847048429a86294aa10fa54ffdd750c04447d4fb","fixture local; sem papel remoto","A/B sintéticas quando aplicável","fonte local; TypeScript runtime; dependências em stub","declarada em probes-produto.mjs","CSV simples separado por ponto e vírgula","[""Empresa"",""São Paulo""]","[""Empresa"",""São Paulo""]","contrato simulado local; fonte de produção carregada","EVIDENCIAS/produto/EV-UI-001-probes.json","APROVADO","","","Nenhum dado remoto criado","Repetir teste original após correção; E2E por perfis quando aplicável"
"T-UI-004","V3 cap23-D","Exportação não gerar fórmula executável","REC-UI-08","847048429a86294aa10fa54ffdd750c04447d4fb","fixture local; sem papel remoto","A/B sintéticas quando aplicável","fonte local; TypeScript runtime; dependências em stub","declarada em probes-produto.mjs","Exportação Leads neutraliza fórmula de planilha","""Campo textual que não inicia fórmula após decodificação CSV""","{""csv"":""\""=1+1\"""",""value"":""=1+1""}","contrato simulado local; fonte de produção carregada","EVIDENCIAS/produto/EV-UI-001-probes.json","REPROVADO","P2","ACH-UI-002","Nenhum dado remoto criado","Repetir teste original após correção; E2E por perfis quando aplicável"
"T-UI-005","V3 cap23-D","Exportação não gerar fórmula executável","REC-UI-11","847048429a86294aa10fa54ffdd750c04447d4fb","fixture local; sem papel remoto","A/B sintéticas quando aplicável","fonte local; TypeScript runtime; dependências em stub","declarada em probes-produto.mjs","Exportação Kanban neutraliza fórmula de planilha","""Campo textual que não inicia fórmula após decodificação CSV""","{""csv"":""\""=1+1\"""",""value"":""=1+1""}","contrato simulado local; fonte de produção carregada","EVIDENCIAS/produto/EV-UI-001-probes.json","REPROVADO","P2","ACH-UI-002","Nenhum dado remoto criado","Repetir teste original após correção; E2E por perfis quando aplicável"
"T-UI-006","V3 J02/J15 invariante1","Isolar estado por usuário/organização","REC-UI-07","847048429a86294aa10fa54ffdd750c04447d4fb","fixture local; sem papel remoto","A/B sintéticas quando aplicável","fonte local; TypeScript runtime; dependências em stub","declarada em probes-produto.mjs","leads: remontar consumidor com sessão B depois da sessão A","""Fonte B recarregada ou estado anterior apagado""","{""initial"":[{""id"":""synthetic-A"",""nome"":""Dado sintético da organização A""}],""afterSessionChange"":[{""id"":""synthetic-A"",""nome"":""Dado sintético da organização A""}],""repositoryCalls"":1}","contrato simulado local; fonte de produção carregada","EVIDENCIAS/produto/EV-UI-001-probes.json","REPROVADO","P1","ACH-UI-003","Nenhum dado remoto criado","Repetir teste original após correção; E2E por perfis quando aplicável"
"T-UI-007","V3 J02/J15 invariante1","Isolar estado por usuário/organização","REC-UI-09","847048429a86294aa10fa54ffdd750c04447d4fb","fixture local; sem papel remoto","A/B sintéticas quando aplicável","fonte local; TypeScript runtime; dependências em stub","declarada em probes-produto.mjs","lists: remontar consumidor com sessão B depois da sessão A","""Fonte B recarregada ou estado anterior apagado""","{""initial"":[{""id"":""synthetic-A"",""nome"":""Dado sintético da organização A""}],""afterSessionChange"":[{""id"":""synthetic-A"",""nome"":""Dado sintético da organização A""}],""repositoryCalls"":1}","contrato simulado local; fonte de produção carregada","EVIDENCIAS/produto/EV-UI-001-probes.json","REPROVADO","P1","ACH-UI-003","Nenhum dado remoto criado","Repetir teste original após correção; E2E por perfis quando aplicável"
"T-UI-008","V3 J02/J15 invariante1","Cache não semeia dados de outra organização","REC-UI-02","847048429a86294aa10fa54ffdd750c04447d4fb","fixture local; sem papel remoto","A/B sintéticas quando aplicável","fonte local; TypeScript runtime; dependências em stub","declarada em probes-produto.mjs","Cache legado não pode semear conteúdo de A na nova organização B","""Estado vazio/B e nenhuma escrita de A para B""","{""initial"":[{""id"":""synthetic-notification-A"",""titulo"":""Notificação sintética de A""}],""attemptedWrites"":[{""organization_id"":""synthetic-org-B"",""module_key"":""notificacoes"",""data"":[{""id"":""synthetic-notification-A"",""titulo"":""Notificação sintética de A""}],""updated_by"":""synthetic-user-B"",""updated_at"":""2026-10-05T21:27:42.899Z""}]}","contrato simulado local; fonte de produção carregada","EVIDENCIAS/produto/EV-UI-001-probes.json","REPROVADO","P1","ACH-UI-003","Nenhum dado remoto criado","Repetir teste original após correção; E2E por perfis quando aplicável"
"T-UI-009","V3 J10 cap7","Criar próxima ação válida","REC-UI-13","847048429a86294aa10fa54ffdd750c04447d4fb","fixture local; sem papel remoto","A/B sintéticas quando aplicável","fonte local; TypeScript runtime; dependências em stub","declarada em probes-produto.mjs","Agenda: Criar próxima ação deve produzir compromisso válido","""Fim posterior ao início e criação confirmada""","{""startsAt"":""2026-10-06T13:00:00.000Z"",""endsAt"":""2026-10-06T13:00:00.000Z"",""validation"":""appointment_datetime_invalid"",""notice"":""Não foi possível criar a próxima ação."",""saved"":false}","contrato simulado local; fonte de produção carregada","EVIDENCIAS/produto/EV-UI-001-probes.json","REPROVADO","P1","ACH-UI-004","Nenhum dado remoto criado","Repetir teste original após correção; E2E por perfis quando aplicável"
"T-UI-010","V3 J03 invariante15","Não chamar fornecedor sem critérios","REC-UI-04","847048429a86294aa10fa54ffdd750c04447d4fb","fixture local; sem papel remoto","A/B sintéticas quando aplicável","fonte local; TypeScript runtime; dependências em stub","declarada em probes-produto.mjs","Busca: handler impede consultar provedor sem termos","{""apiCalls"":0,""error"":""prospecting_terms_required""}","{""apiCalls"":0,""error"":""prospecting_terms_required""}","contrato simulado local; fonte de produção carregada","EVIDENCIAS/produto/EV-UI-001-probes.json","APROVADO","","","Nenhum dado remoto criado","Repetir teste original após correção; E2E por perfis quando aplicável"
"T-UI-011","V3 J14 invariante13","Indicador corresponde ao período do rótulo","REC-UI-03","847048429a86294aa10fa54ffdd750c04447d4fb","fixture local; sem papel remoto","A/B sintéticas quando aplicável","fonte local; TypeScript runtime; dependências em stub","declarada em probes-produto.mjs","Indicador rotulado Mensagens hoje representa apenas o dia corrente","2","7","contrato simulado local; fonte de produção carregada","EVIDENCIAS/produto/EV-UI-001-probes.json","REPROVADO","P2","ACH-UI-007","Nenhum dado remoto criado","Repetir teste original após correção; E2E por perfis quando aplicável"
"T-UI-012","V3 J11 cap12","Desativação comercial respeitada por consumidores","REC-UI-24","847048429a86294aa10fa54ffdd750c04447d4fb","estática; perfil alvo no inventário","não se aplica à inspeção","checkout íntegro","nenhuma","Buscar flags comerciais em src/supabase; comparar Ana/Orçamentos","Flags persistidas governam fluxo","Referências só UI/repository; consumidores usam outras fontes","inspeção estática","MODULOS_E_UX.md;EVIDENCIAS/produto/EV-UI-002-fontes-estaticas.txt","REPROVADO","P1","ACH-UI-005","Nenhuma alteração","Confirmar remediação e execução isolada; não é observação de produção"
"T-UI-013","V3 cap17 WCAG1.4.13","Ajuda hoverable","REC-UI-02","847048429a86294aa10fa54ffdd750c04447d4fb","estática; perfil alvo no inventário","não se aplica à inspeção","checkout íntegro","nenhuma","Inspecionar InfoTooltip e CSS","Ponteiro pode passar ao tooltip","mouseleave fecha; pointer-events:none e gap8px","inspeção estática","MODULOS_E_UX.md;EVIDENCIAS/produto/EV-UI-002-fontes-estaticas.txt","REPROVADO","P2","ACH-UI-006","Nenhuma alteração","Confirmar remediação e execução isolada; não é observação de produção"
"T-UI-014","V3 cap17 acessibilidade","Modal CSV identificado e foco gerido","REC-UI-06","847048429a86294aa10fa54ffdd750c04447d4fb","estática; perfil alvo no inventário","não se aplica à inspeção","checkout íntegro","nenhuma","Inspecionar markup e handlers","Dialog nomeado; labels associados; foco","Backdrop/div sem role/modal/foco; select com label sem associação","inspeção estática","MODULOS_E_UX.md;EVIDENCIAS/produto/EV-UI-002-fontes-estaticas.txt","REPROVADO","P2","ACH-UI-008","Nenhuma alteração","Confirmar remediação e execução isolada; não é observação de produção"
"T-UI-015","V3 cap15 UX","Comandos equivalentes com disponibilidade coerente","REC-UI-04","847048429a86294aa10fa54ffdd750c04447d4fb","estática; perfil alvo no inventário","não se aplica à inspeção","checkout íntegro","nenhuma","Comparar disabled do resumo e rodapé","Bloqueios coerentes","Rodapé só busy; resumo exige termos/fonte/cidade","inspeção estática","MODULOS_E_UX.md;EVIDENCIAS/produto/EV-UI-002-fontes-estaticas.txt","REPROVADO","P3","ACH-UI-009","Nenhuma alteração","Confirmar remediação e execução isolada; não é observação de produção"
"T-UI-016","V3 J09/J10","Fonte de catálogo coerente com fluxo de orçamento","REC-UI-15;REC-UI-22","847048429a86294aa10fa54ffdd750c04447d4fb","estática; perfil alvo no inventário","não se aplica à inspeção","checkout íntegro","nenhuma","Rastrear catálogo até seletor orçamento","Mesmo item disponível ou contrato de bases explícito","knowledge_catalog_items na gestão; services no seletor; ponte não localizada","inspeção estática","MODULOS_E_UX.md;EVIDENCIAS/produto/EV-UI-002-fontes-estaticas.txt","REPROVADO","P2","ACH-UI-010","Nenhuma alteração","Confirmar remediação e execução isolada; não é observação de produção"
"T-UI-021","V3 J16 cap8/19","Três níveis de acesso e planos no escopo integral","REC-UI-29","847048429a86294aa10fa54ffdd750c04447d4fb","estática; perfil alvo no inventário","não se aplica à inspeção","checkout íntegro","nenhuma","Inventariar router/menu e buscar plataforma/plano/suporte","Área e contrato global distintos","Não localizados no código examinado; sem afirmar ausência em sistemas externos","inspeção estática","MODULOS_E_UX.md;EVIDENCIAS/produto/EV-UI-002-fontes-estaticas.txt","REPROVADO","P1","","Nenhuma alteração","Confirmar remediação e execução isolada; não é observação de produção"
"T-UI-017","V3 J03","Busca real e importação repetida/concorrente","REC-UI-04;REC-UI-06","847048429a86294aa10fa54ffdd750c04447d4fb","admin/vendedor/outro","duas organizações sintéticas necessárias","Sandbox/cota conhecida para consulta externa e importação sem cliente","não criadas","Não executado por falta de isolamento/acesso seguro","Fluxo íntegro e recusa por escopo","Sem prova de execução ponta a ponta","ponta a ponta planejado","MODULOS_E_UX.md","BLOQUEADO","","","Nenhuma fixture remota","Disponibilizar ambiente e decisão de negócio quando necessária"
"T-UI-018","V3 J04/J14","Mesmo lead por carteira/pipeline/indicadores e recusa por perfis","REC-UI-07;REC-UI-09;REC-UI-11;REC-UI-16;REC-UI-17","847048429a86294aa10fa54ffdd750c04447d4fb","admin/vendedor/outro","duas organizações sintéticas necessárias","Duas organizações e usuários sintéticos em ambiente isolado","não criadas","Não executado por falta de isolamento/acesso seguro","Fluxo íntegro e recusa por escopo","Sem prova de execução ponta a ponta","ponta a ponta planejado","MODULOS_E_UX.md","BLOQUEADO","","","Nenhuma fixture remota","Disponibilizar ambiente e decisão de negócio quando necessária"
"T-UI-019","V3 J09/J10","Conhecimento/mídia/reunião/orçamento com falha entre etapas","REC-UI-13;REC-UI-14;REC-UI-15;REC-UI-22;REC-UI-23","847048429a86294aa10fa54ffdd750c04447d4fb","admin/vendedor/outro","duas organizações sintéticas necessárias","Fixtures de arquivo/preço aprovado e persistência isolada","não criadas","Não executado por falta de isolamento/acesso seguro","Fluxo íntegro e recusa por escopo","Sem prova de execução ponta a ponta","ponta a ponta planejado","MODULOS_E_UX.md","BLOQUEADO","","","Nenhuma fixture remota","Disponibilizar ambiente e decisão de negócio quando necessária"
"T-UI-020","V3 J01/J16","Provisionar/suspender/reativar empresa e preservar escopo","REC-UI-01;REC-UI-21;REC-UI-26;REC-UI-29","847048429a86294aa10fa54ffdd750c04447d4fb","admin/vendedor/outro","duas organizações sintéticas necessárias","Ambiente isolado; contratos de plano/suspensão e contas de teste","não criadas","Não executado por falta de isolamento/acesso seguro","Fluxo íntegro e recusa por escopo","Sem prova de execução ponta a ponta","ponta a ponta planejado","MODULOS_E_UX.md","BLOQUEADO","","","Nenhuma fixture remota","Disponibilizar ambiente e decisão de negócio quando necessária"
