test_id,requirement,resource,expected,observed,mode,status,evidence,finding
T-MSG-001,I.E.2/4;CIC-11,R-MSG-01,Ativar conta própria preserva emergência administrativa,Ativação remove kill_switch e abre gates organizacionais,Contrato simulado,REPROVADO,EVIDENCIAS/mensageria/EV-MSG-002-vitest-meta.txt;EVIDENCIAS/mensageria/audit.test.ts:74,ACH-MSG-001
T-MSG-002,I.E.5;CIC-03,R-MSG-01,Disconnect bloqueia despacho local mesmo se provedor falha,Erro 400 e conta continua enabled=true,Contrato de falha simulado,REPROVADO,EVIDENCIAS/mensageria/EV-MSG-002-vitest-meta.txt;EVIDENCIAS/mensageria/audit.test.ts:80,ACH-MSG-002
T-MSG-003,I.E.13,R-MSG-01,Erro na gravação da conta impede sucesso de ativação,Handler retorna 200 após erro Supabase simulado,Contrato de falha simulado,REPROVADO,EVIDENCIAS/mensageria/EV-MSG-002-vitest-meta.txt;EVIDENCIAS/mensageria/audit.test.ts:86,ACH-MSG-003
T-MSG-004,II.10/13;EXT-MSG-01,R-MSG-02,Recibo oficial data.keyId é reconhecido,ignored/receipt_message_id_missing,Unidade e contrato externo,REPROVADO,EVIDENCIAS/mensageria/EV-MSG-002-vitest-meta.txt;EVIDENCIAS/mensageria/audit.test.ts:92,ACH-MSG-004
T-MSG-005,I.E.7;CIC-08,R-MSG-02,Delivered e read da mesma mensagem têm identidades distintas,Ambos têm externalId message.status:message-synthetic,Unidade,REPROVADO,EVIDENCIAS/mensageria/EV-MSG-002-vitest-meta.txt;EVIDENCIAS/mensageria/audit.test.ts:95,ACH-MSG-005
T-MSG-006,II.13 identidade,R-MSG-02,LID opaco sem mapeamento não é telefone,1234567890123@lid vira telefone numérico e entrada aceita,Unidade,REPROVADO,EVIDENCIAS/mensageria/EV-MSG-002-vitest-meta.txt;EVIDENCIAS/mensageria/audit.test.ts:99,ACH-MSG-006
T-MSG-007,J09;II.14,R-MSG-02,Áudio sem legenda preserva referência do anexo para revisão,Sanitização ignored perde fileUrl,Unidade,REPROVADO,EVIDENCIAS/mensageria/EV-MSG-002-vitest-meta.txt;EVIDENCIAS/mensageria/audit.test.ts:103,ACH-MSG-007
T-MSG-008,I.E.11;II.13,R-MSG-02,Retry após persistir inbox conclui mensagem faltante,Evento processed/duplicate_inbound sem mensagem nem chamada Ana,Recuperação simulada,REPROVADO,EVIDENCIAS/mensageria/EV-MSG-002-vitest-meta.txt;EVIDENCIAS/mensageria/audit.test.ts:107,ACH-MSG-008
T-MSG-009,I.E.10;CIC-08,R-MSG-02,Recibo histórico reconcilia com conta desativada,Evento ignored e RPC de conciliação não chamada,Contrato simulado,REPROVADO,EVIDENCIAS/mensageria/EV-MSG-002-vitest-meta.txt;EVIDENCIAS/mensageria/audit.test.ts:118,ACH-MSG-009
T-MSG-010,I.E.4;CIC-12,R-MSG-02,Conexão recuperada não reativa conta desativada,connection_status=connected e enabled=false preservado,Contrato simulado,APROVADO,EVIDENCIAS/mensageria/EV-MSG-002-vitest-meta.txt;EVIDENCIAS/mensageria/audit.test.ts:125,Sem achado
T-MSG-011,J13;CIC-04,R-MSG-02,Evento processing antigo retoma após interrupção,Consulta queued/failed ignora processing e evento fica preso,Recuperação simulada,REPROVADO,EVIDENCIAS/mensageria/EV-MSG-002-vitest-meta.txt;EVIDENCIAS/mensageria/audit.test.ts:132,ACH-MSG-010
T-MSG-012,I.E.5;CIC-05,R-MSG-01,Deactivate novo prevalece sobre activate antigo pendente,Resposta de status antiga volta a enabled=true,Concorrência simulada,REPROVADO,EVIDENCIAS/mensageria/EV-MSG-002-vitest-meta.txt;EVIDENCIAS/mensageria/audit.test.ts:138,ACH-MSG-011
T-MSG-013,II.13 resultado incerto,R-MSG-05,Timeout após possível aceite exige conciliação sem repetir envio,Estado failed permite segundo POST ao provedor simulado,Recuperação simulada,REPROVADO,EVIDENCIAS/mensageria/EV-MSG-002-vitest-meta.txt;EVIDENCIAS/mensageria/audit.test.ts:152,ACH-MSG-012
