"recurso","localizacao_perfil_tarefa","implementacao","fonte_api","ui","seguranca","testes","modalidade","evidencia","resultado_testes","estado_final","lacuna"
"REC-UI-01 Acesso público","`/login`, `/register`, `/reset-password`, `/apresentacao`; autenticar/provisionar","Implementação encontrada; CRUD integral não homologado","`useAuth`, Supabase Auth, `bootstrapOrganization`, `company_settings`","Inspeção estática; navegação real separada em EVIDENCIAS/ui","Guarda frontend descrita; backend/RLS no relatório de segurança","T-UI-020","estática/contrato local conforme ID; não é E2E","MODULOS_E_UX.md;EVIDENCIAS/produto/EV-UI-001-probes.json;EVIDENCIAS/produto/EV-UI-002-fontes-estaticas.txt","Ver resultado individual; inspeção não aprova CRUD","PARCIAL","Não é módulo comercial desligável. J01/J02, confirmação de e-mail e falha de provisionamento: bloqueados para prova multiusuário real nesta trilha"
"REC-UI-02 Shell/menu","`/dashboard`; M; navegar e ver alertas/tarefas","Implementação encontrada; CRUD integral não homologado","`DashboardLayout`, `useCurrentAccess`, `notifications`, `lead_tasks`, diagnóstico","Inspeção estática; navegação real separada em EVIDENCIAS/ui","Guarda frontend descrita; backend/RLS no relatório de segurança","T-UI-008","estática/contrato local conforme ID; não é E2E","MODULOS_E_UX.md;EVIDENCIAS/produto/EV-UI-001-probes.json;EVIDENCIAS/produto/EV-UI-002-fontes-estaticas.txt","Ver resultado individual; inspeção não aprova CRUD","PARCIAL","Ocultar item não equivale a revogar API. T-UI-008; prova de teclado pelo agente principal"
"REC-UI-03 Dashboard","`/dashboard`; M; priorizar operação","Implementação encontrada; CRUD integral não homologado","`CommercialAnalytics`, leads/proposals/messages/stage_history, `operational-diagnostics`","Inspeção estática; navegação real separada em EVIDENCIAS/ui","Guarda frontend descrita; backend/RLS no relatório de segurança","T-UI-011","estática/contrato local conforme ID; não é E2E","MODULOS_E_UX.md;EVIDENCIAS/produto/EV-UI-001-probes.json;EVIDENCIAS/produto/EV-UI-002-fontes-estaticas.txt","Ver resultado individual; inspeção não aprova CRUD","PARCIAL","Toggle de atualização só governa diagnóstico local, não toda operação. T-UI-011 e ACH-UI-007"
"REC-UI-04 Busca/Wizard","`/dashboard/busca-leads`; P `prospecting.manage`","Implementação encontrada; CRUD integral não homologado","`lead_source_configs`, `prospectar-leads`, execução por `runId`, `import_prospecting_batch`","Inspeção estática; navegação real separada em EVIDENCIAS/ui","Guarda frontend descrita; backend/RLS no relatório de segurança","T-UI-010;T-UI-015;T-UI-017","estática/contrato local conforme ID; não é E2E","MODULOS_E_UX.md;EVIDENCIAS/produto/EV-UI-001-probes.json;EVIDENCIAS/produto/EV-UI-002-fontes-estaticas.txt","Ver resultado individual; inspeção não aprova CRUD","PARCIAL","Guardas antes da chamada; consulta só pelo comando. T-UI-010; J03 positivo real bloqueado por ausência de sandbox/cota"
"REC-UI-05 Busca histórica/mapa","mesma rota; reabrir resultados, classificar adequada/inadequada/duplicada","Implementação encontrada; CRUD integral não homologado","execuções reais e geocoordenadas do provedor; mapa OpenStreetMap","Inspeção estática; navegação real separada em EVIDENCIAS/ui","Guarda frontend descrita; backend/RLS no relatório de segurança","T-UI-017","estática/contrato local conforme ID; não é E2E","MODULOS_E_UX.md;EVIDENCIAS/produto/EV-UI-001-probes.json;EVIDENCIAS/produto/EV-UI-002-fontes-estaticas.txt","Ver resultado individual; inspeção não aprova CRUD","PARCIAL","Reabrir histórico não contrata nova busca. Testar resposta velha/concurrente e indisponibilidade de tiles em sandbox"
"REC-UI-06 Importação CSV de Leads","modal na carteira; perfil com criação; mapear arquivo/revisar","Implementação encontrada; CRUD integral não homologado","`CsvImportModal` → `parseCsv`; integração transacional de lote na carteira","Inspeção estática; navegação real separada em EVIDENCIAS/ui","Guarda frontend descrita; backend/RLS no relatório de segurança","T-UI-001;T-UI-002;T-UI-003;T-UI-017","estática/contrato local conforme ID; não é E2E","MODULOS_E_UX.md;EVIDENCIAS/produto/EV-UI-001-probes.json;EVIDENCIAS/produto/EV-UI-002-fontes-estaticas.txt","Ver resultado individual; inspeção não aprova CRUD","PARCIAL","Não há conexão exclusiva; fechamento não desfaz lote confirmado. T-UI-001/002/003, J03 duplicação/repetição remota bloqueada"
"REC-UI-07 Leads manual/carteira","`/dashboard/leads`; P read_all/read_assigned/create; CRUD, filtros, atribuição","Implementação encontrada; CRUD integral não homologado","`useLeadsStore`, `leadsRepository`, `leads`, handoff policies, qualificação/tarefas","Inspeção estática; navegação real separada em EVIDENCIAS/ui","Guarda frontend descrita; backend/RLS no relatório de segurança","T-UI-006;T-UI-018","estática/contrato local conforme ID; não é E2E","MODULOS_E_UX.md;EVIDENCIAS/produto/EV-UI-001-probes.json;EVIDENCIAS/produto/EV-UI-002-fontes-estaticas.txt","Ver resultado individual; inspeção não aprova CRUD","PARCIAL","Arquivar preserva histórico; não é apagar. T-UI-006; gravação remota por perfis não executada"
"REC-UI-08 Exportação de Leads","toolbar de selecionados; mesmo escopo da carteira","Implementação encontrada; CRUD integral não homologado","serialização CSV no navegador dos leads carregados","Inspeção estática; navegação real separada em EVIDENCIAS/ui","Guarda frontend descrita; backend/RLS no relatório de segurança","T-UI-004","estática/contrato local conforme ID; não é E2E","MODULOS_E_UX.md;EVIDENCIAS/produto/EV-UI-001-probes.json;EVIDENCIAS/produto/EV-UI-002-fontes-estaticas.txt","Ver resultado individual; inspeção não aprova CRUD","PARCIAL","Download não muda banco, mas abre superfície de fórmula. T-UI-004"
"REC-UI-09 Listas/distribuição","revisão/importação e carteira; lista nomeada com modo/responsável","Implementação encontrada; CRUD integral não homologado","`lead_lists`, `lead_list_members`, importação RPC; `lead-workflow` para ativação da Ana","Inspeção estática; navegação real separada em EVIDENCIAS/ui","Guarda frontend descrita; backend/RLS no relatório de segurança","T-UI-007;T-UI-018","estática/contrato local conforme ID; não é E2E","MODULOS_E_UX.md;EVIDENCIAS/produto/EV-UI-001-probes.json;EVIDENCIAS/produto/EV-UI-002-fontes-estaticas.txt","Ver resultado individual; inspeção não aprova CRUD","PARCIAL","Ativar lead é comando backend governado; T-UI-007; distribuição diária pertence à Ana/schedules, não ao menu"
"REC-UI-10 Exclusão governada","ações Leads e gerenciamento Funil","Implementação encontrada; CRUD integral não homologado","`lead-governance`; seleção/frase `EXCLUIR N LEADS`; backend RPC privada","Inspeção estática; navegação real separada em EVIDENCIAS/ui","Guarda frontend descrita; backend/RLS no relatório de segurança","T-UI-018","estática/contrato local conforme ID; não é E2E","MODULOS_E_UX.md;EVIDENCIAS/produto/EV-UI-001-probes.json;EVIDENCIAS/produto/EV-UI-002-fontes-estaticas.txt","Ver resultado individual; inspeção não aprova CRUD","PARCIAL","Destrutiva, não executada. Contrato/positivos/recusas cobertos em testes existentes; retenção/provedor exige regra própria"
"REC-UI-11 Kanban quadro/lista","`/dashboard/kanban`; P read_all/read_assigned","Implementação encontrada; CRUD integral não homologado","`get_kanban_portfolio`, `transition_lead_stage`, desfazer, tasks/notes/history","Inspeção estática; navegação real separada em EVIDENCIAS/ui","Guarda frontend descrita; backend/RLS no relatório de segurança","T-UI-005;T-UI-018","estática/contrato local conforme ID; não é E2E","MODULOS_E_UX.md;EVIDENCIAS/produto/EV-UI-001-probes.json;EVIDENCIAS/produto/EV-UI-002-fontes-estaticas.txt","Ver resultado individual; inspeção não aprova CRUD","PARCIAL","Movimento não terminal pode desfazer; Ganho/Perdido exige causa. T-UI-005; teclado tem alternativa de select, mas há controles aninhados"
"REC-UI-12 Central e número próprio","`/dashboard/atendimento`; P conversations.read_all/reply_all/reply_assigned","Implementação encontrada; CRUD integral não homologado","conversas, messages, human-message, handoff, WA-AKG/account APIs","Inspeção estática; navegação real separada em EVIDENCIAS/ui","Guarda frontend descrita; backend/RLS no relatório de segurança","trilha-mensageria","estática/contrato local conforme ID; não é E2E","MODULOS_E_UX.md;EVIDENCIAS/produto/EV-UI-001-probes.json;EVIDENCIAS/produto/EV-UI-002-fontes-estaticas.txt","Ver resultado individual; inspeção não aprova CRUD","PARCIAL","Envio e conexão são ações externas; não executadas nesta trilha. J05–J09 na trilha de mensageria"
"REC-UI-13 Agenda","`/dashboard/agenda`; mesma guarda de conversas","Implementação encontrada; CRUD integral não homologado","`get_agenda_portfolio`, insert/update `appointments`, `updated_at`, `user_saved_views`","Inspeção estática; navegação real separada em EVIDENCIAS/ui","Guarda frontend descrita; backend/RLS no relatório de segurança","T-UI-009;T-UI-019","estática/contrato local conforme ID; não é E2E","MODULOS_E_UX.md;EVIDENCIAS/produto/EV-UI-001-probes.json;EVIDENCIAS/produto/EV-UI-002-fontes-estaticas.txt","Ver resultado individual; inspeção não aprova CRUD","PARCIAL","Não encontrado desligamento completo do módulo; lembretes são metadados, executor não encontrado nesta trilha. T-UI-009"
"REC-UI-14 Tarefas/próxima ação","Shell, Leads, Kanban, drawer de Agenda","Implementação encontrada; CRUD integral não homologado","`lead_tasks` e, na Agenda, outro `appointment` vinculado","Inspeção estática; navegação real separada em EVIDENCIAS/ui","Guarda frontend descrita; backend/RLS no relatório de segurança","T-UI-009;T-UI-019","estática/contrato local conforme ID; não é E2E","MODULOS_E_UX.md;EVIDENCIAS/produto/EV-UI-001-probes.json;EVIDENCIAS/produto/EV-UI-002-fontes-estaticas.txt","Ver resultado individual; inspeção não aprova CRUD","PARCIAL","Sem comando de ciclo completo; criação isolada/renovação/recusa em sandbox pendentes; Agenda tem ACH-UI-004"
"REC-UI-15 Orçamentos","`/dashboard/orcamentos`; P `proposals.manage`","Implementação encontrada; CRUD integral não homologado","`proposals`, `services`, templates, transição de resultado; Central para envio","Inspeção estática; navegação real separada em EVIDENCIAS/ui","Guarda frontend descrita; backend/RLS no relatório de segurança","T-UI-016;T-UI-019","estática/contrato local conforme ID; não é E2E","MODULOS_E_UX.md;EVIDENCIAS/produto/EV-UI-001-probes.json;EVIDENCIAS/produto/EV-UI-002-fontes-estaticas.txt","Ver resultado individual; inspeção não aprova CRUD","PARCIAL","Preparar envio navega à Central; não afirma entrega. Valores/ganho humanos. Catálogo e flags divergentes: ACH-UI-005/010"
"REC-UI-16 Funil","`/dashboard/funil`; P read_all/read_assigned; analisar conversão/gerir base","Implementação encontrada; CRUD integral não homologado","`FunnelAnalytics`, mesma base operacional e histórico; `LeadBaseManager`","Inspeção estática; navegação real separada em EVIDENCIAS/ui","Guarda frontend descrita; backend/RLS no relatório de segurança","T-UI-011;T-UI-018","estática/contrato local conforme ID; não é E2E","MODULOS_E_UX.md;EVIDENCIAS/produto/EV-UI-001-probes.json;EVIDENCIAS/produto/EV-UI-002-fontes-estaticas.txt","Ver resultado individual; inspeção não aprova CRUD","PARCIAL","Não há fonte paralela de leads; manter visões separadas é justificável. J14 depende de comparação por organização"
"REC-UI-17 Relatórios","`/dashboard/relatorios`; P read_all/read_assigned","Implementação encontrada; CRUD integral não homologado","`CommercialAnalytics`, leads/proposals/stages/contacts","Inspeção estática; navegação real separada em EVIDENCIAS/ui","Guarda frontend descrita; backend/RLS no relatório de segurança","T-UI-018","estática/contrato local conforme ID; não é E2E","MODULOS_E_UX.md;EVIDENCIAS/produto/EV-UI-001-probes.json;EVIDENCIAS/produto/EV-UI-002-fontes-estaticas.txt","Ver resultado individual; inspeção não aprova CRUD","PARCIAL","Sem licença/ciclo específico encontrado; indicadores dependem de RLS. Não confundir métrica com entrega ou receita"
"REC-UI-18 Status operacional","Configurações `tab=operacao`; C","Implementação encontrada; CRUD integral não homologado","`operational-diagnostics`, modo operacional, checks/jobs/integrações","Inspeção estática; navegação real separada em EVIDENCIAS/ui","Guarda frontend descrita; backend/RLS no relatório de segurança","trilha-mensageria","estática/contrato local conforme ID; não é E2E","MODULOS_E_UX.md;EVIDENCIAS/produto/EV-UI-001-probes.json;EVIDENCIAS/produto/EV-UI-002-fontes-estaticas.txt","Ver resultado individual; inspeção não aprova CRUD","PARCIAL","Modo protegido/real e kill switch não equivalem a controlador de todos os módulos; sem ativação real no teste"
"REC-UI-19 APIs/fontes","Configurações `tab=apis`; C","Implementação encontrada; CRUD integral não homologado","integrações, Vault via backend, `lead_source_configs`, testar-integração","Inspeção estática; navegação real separada em EVIDENCIAS/ui","Guarda frontend descrita; backend/RLS no relatório de segurança","T-UI-010;T-UI-017","estática/contrato local conforme ID; não é E2E","MODULOS_E_UX.md;EVIDENCIAS/produto/EV-UI-001-probes.json;EVIDENCIAS/produto/EV-UI-002-fontes-estaticas.txt","Ver resultado individual; inspeção não aprova CRUD","PARCIAL","Ativar/pausar fonte com dependências; buscar sem fonte ativa recusado. Contratos externos na trilha mensageria/backend"
"REC-UI-20 Canais","Configurações `tab=canais`; C","Implementação encontrada; CRUD integral não homologado","contas/provedores WA-AKG, Evolution GO, Z-API, Meta e entrada site","Inspeção estática; navegação real separada em EVIDENCIAS/ui","Guarda frontend descrita; backend/RLS no relatório de segurança","trilha-mensageria","estática/contrato local conforme ID; não é E2E","MODULOS_E_UX.md;EVIDENCIAS/produto/EV-UI-001-probes.json;EVIDENCIAS/produto/EV-UI-002-fontes-estaticas.txt","Ver resultado individual; inspeção não aprova CRUD","PARCIAL","Pausar/desconectar/ativar não foram executados. Atendente usa Central; painel global depende de C"
"REC-UI-21 Empresa/perfil","Configurações `tab=empresa&subtab=perfil`; C","Implementação encontrada; CRUD integral não homologado","`company_settings`, `organizationSettingsRepository`","Inspeção estática; navegação real separada em EVIDENCIAS/ui","Guarda frontend descrita; backend/RLS no relatório de segurança","T-UI-020","estática/contrato local conforme ID; não é E2E","MODULOS_E_UX.md;EVIDENCIAS/produto/EV-UI-001-probes.json;EVIDENCIAS/produto/EV-UI-002-fontes-estaticas.txt","Ver resultado individual; inspeção não aprova CRUD","PARCIAL","Núcleo de configuração, sem exclusão total pela aba. J01/J16 com cadastro sintético externo bloqueado"
"REC-UI-22 Conhecimento/catálogo","Empresa `subtab=catalogo`; C; produtos/serviços/catálogos/documentos","Implementação encontrada; CRUD integral não homologado","`knowledge_catalog_items`, sources/relations, `catalog-knowledge`, `knowledge-publish`","Inspeção estática; navegação real separada em EVIDENCIAS/ui","Guarda frontend descrita; backend/RLS no relatório de segurança","T-UI-012;T-UI-016;T-UI-019","estática/contrato local conforme ID; não é E2E","MODULOS_E_UX.md;EVIDENCIAS/produto/EV-UI-001-probes.json;EVIDENCIAS/produto/EV-UI-002-fontes-estaticas.txt","Ver resultado individual; inspeção não aprova CRUD","PARCIAL","Flags por item têm consumidor; flags da aba Produtos são outra fonte. J09 atualização/exclusão real bloqueada"
"REC-UI-23 Biblioteca e mídia","Catálogo → Documentos e mídia; C; importar/gerir fonte aprovada","Implementação encontrada; CRUD integral não homologado","`AnaKnowledgeLibraryTab`, documents/chunks/storage; catálogos com URLs externas","Inspeção estática; navegação real separada em EVIDENCIAS/ui","Guarda frontend descrita; backend/RLS no relatório de segurança","T-UI-019","estática/contrato local conforme ID; não é E2E","MODULOS_E_UX.md;EVIDENCIAS/produto/EV-UI-001-probes.json;EVIDENCIAS/produto/EV-UI-002-fontes-estaticas.txt","Ver resultado individual; inspeção não aprova CRUD","PARCIAL","Não homologar upload/extração/áudio por mera existência. J09 na trilha mensageria; exclusão e URL expirada bloqueados"
"REC-UI-24 Política de Produtos/Orçamentos","Configurações `tab=produtos`; C","Implementação encontrada; CRUD integral não homologado","`commercial_catalog_policy` em organization_module_data, templates, audit_logs","Inspeção estática; navegação real separada em EVIDENCIAS/ui","Guarda frontend descrita; backend/RLS no relatório de segurança","T-UI-012;T-UI-016","estática/contrato local conforme ID; não é E2E","MODULOS_E_UX.md;EVIDENCIAS/produto/EV-UI-001-probes.json;EVIDENCIAS/produto/EV-UI-002-fontes-estaticas.txt","Ver resultado individual; inspeção não aprova CRUD","PARCIAL","Persiste flags, mas consumidores operacionais não encontrados: ACH-UI-005. “Revisado” é inferido de ativo + blocos"
"REC-UI-25 Ana/políticas","Configurações `tab=ana`; C","Implementação encontrada; CRUD integral não homologado","`AnaPolicyWorkspace`, personalization, policies, `ana-operations`, `ana-run`","Inspeção estática; navegação real separada em EVIDENCIAS/ui","Guarda frontend descrita; backend/RLS no relatório de segurança","trilha-mensageria","estática/contrato local conforme ID; não é E2E","MODULOS_E_UX.md;EVIDENCIAS/produto/EV-UI-001-probes.json;EVIDENCIAS/produto/EV-UI-002-fontes-estaticas.txt","Ver resultado individual; inspeção não aprova CRUD","PARCIAL","Ana desligada deve preservar humano; ciclo/retomada e ferramentas são tratados em relatório da mensageria"
"REC-UI-26 Equipe/acessos","Configurações `tab=usuarios` (C) e `/dashboard/equipe` (T)","Implementação encontrada; CRUD integral não homologado","`team-members`, `current_user_access`, permissions/roles","Inspeção estática; navegação real separada em EVIDENCIAS/ui","Guarda frontend descrita; backend/RLS no relatório de segurança","trilha-seguranca;T-UI-020","estática/contrato local conforme ID; não é E2E","MODULOS_E_UX.md;EVIDENCIAS/produto/EV-UI-001-probes.json;EVIDENCIAS/produto/EV-UI-002-fontes-estaticas.txt","Ver resultado individual; inspeção não aprova CRUD","PARCIAL","Não removi usuário nem convidei. Verificar encontrabilidade de T sem C; sem inferir RBAC pela UI"
"REC-UI-27 Registro/auditoria","Configurações `tab=registro` (C) e `/dashboard/registro-sistema` (A)","Implementação encontrada; CRUD integral não homologado","diagnostics/audit logs, integração/fila/histórico","Inspeção estática; navegação real separada em EVIDENCIAS/ui","Guarda frontend descrita; backend/RLS no relatório de segurança","trilha-seguranca","estática/contrato local conforme ID; não é E2E","MODULOS_E_UX.md;EVIDENCIAS/produto/EV-UI-001-probes.json;EVIDENCIAS/produto/EV-UI-002-fontes-estaticas.txt","Ver resultado individual; inspeção não aprova CRUD","PARCIAL","Não desligável como módulo comercial; leitura e exportação por escopo na trilha segurança"
"REC-UI-28 Proteção de contatos","Configurações `tab=supressao`; C","Implementação encontrada; CRUD integral não homologado","`suppressionRepository`, contatos suprimidos/opt-out","Inspeção estática; navegação real separada em EVIDENCIAS/ui","Guarda frontend descrita; backend/RLS no relatório de segurança","trilha-seguranca;trilha-mensageria","estática/contrato local conforme ID; não é E2E","MODULOS_E_UX.md;EVIDENCIAS/produto/EV-UI-001-probes.json;EVIDENCIAS/produto/EV-UI-002-fontes-estaticas.txt","Ver resultado individual; inspeção não aprova CRUD","PARCIAL","Excluir da proteção não equivale a consentimento automático; sem mutação real nesta auditoria"
"REC-UI-29 Plataforma/planos/suporte","Nenhuma rota/menu encontrado no router/shell atual","Não localizado no escopo fonte auditado","Busca dirigida por platform_owner/admin, super_admin, plans/licenses/entitlements e suporte","Inspeção estática; navegação real separada em EVIDENCIAS/ui","Guarda frontend descrita; backend/RLS no relatório de segurança","T-UI-021","estática/contrato local conforme ID; não é E2E","MODULOS_E_UX.md;EVIDENCIAS/produto/EV-UI-001-probes.json;EVIDENCIAS/produto/EV-UI-002-fontes-estaticas.txt","REPROVADO (ausência no fonte); teste operacional BLOQUEADO","BLOQUEADO","BLOQUEADO para teste; lacuna de implementação do escopo V3, não inferir que admin cliente seja dono"
"REC-UI-30 Legado/alternativas","`/empresa`, `/midia-drive`, `/personalizacao-ana`, `/meu-whatsapp` redirecionam","Implementação encontrada; CRUD integral não homologado","`router/config.tsx:54–121`; aliases de tabs `configuracoes/page.tsx:61–85`","Inspeção estática; navegação real separada em EVIDENCIAS/ui","Guarda frontend descrita; backend/RLS no relatório de segurança","inspeção-router","estática/contrato local conforme ID; não é E2E","MODULOS_E_UX.md;EVIDENCIAS/produto/EV-UI-001-probes.json;EVIDENCIAS/produto/EV-UI-002-fontes-estaticas.txt","Ver resultado individual; inspeção não aprova CRUD","PARCIAL","Orfandade não prova exposição atual. Testar caminho antigo para destino real, não contar antiga tela como módulo implantado"
