"teste","requisito","jornada","recurso","perfil_organizacao","origem","modalidade","resultado","evidencia","esperado","observado","pendencia"
"T-SEC-001","REQ-SEC-01","J02/J15","leads","vendedor A2; A/B","V3 II.8/9","integração local PostgreSQL WASM","APROVADO","EV-SEC-004","Lead A3/B invisíveis","0 registros","Sem E2E PostgREST real"
"T-SEC-002","REQ-SEC-01","J02/J15","proposals","vendedor A2; A/B","V3 II.8/9","integração local PostgreSQL WASM","REPROVADO","EV-SEC-004","Proposta A3 invisível","1 proposta de colega","ACH-SEC-001 P1"
"T-SEC-003","REQ-SEC-01","J02/J15","proposals","vendedor A2; A/B","V3 II.8/9","integração local PostgreSQL WASM","REPROVADO","EV-SEC-004","DELETE proposta A3 negado","1 linha excluída sob rollback","ACH-SEC-001 P1"
"T-SEC-004","REQ-SEC-01","J02/J15","documents","vendedor A2; A/B","V3 II.8/9","integração local PostgreSQL WASM","REPROVADO","EV-SEC-004","DELETE documento A3 negado","1 linha excluída sob rollback","ACH-SEC-001 P1"
"T-SEC-005","REQ-SEC-02","J09/J15","Storage message-media","vendedor A2; A/B","V3 I.E.1; II.9","integração local PostgreSQL WASM","REPROVADO","EV-SEC-004","Mídia carteira A3 invisível","Caminho sintético A3 visível","ACH-SEC-002 P1"
"T-SEC-006","REQ-SEC-03","J02/J15","contact_suppressions","vendedor A2; A","V3 I.E.4; II.23D","integração local PostgreSQL WASM","REPROVADO","EV-SEC-004","Supressão preservada","DELETE autorizado; envio não testado","ACH-SEC-003 P1"
"T-SEC-007","REQ-SEC-01","J02/J15","proposals","vendedor A2; A/B","V3 I.E.1","integração local PostgreSQL WASM","APROVADO","EV-SEC-004","Empresa B invisível","0 registros B","Não cobre todas tabelas"
"T-SEC-008","REQ-SEC-04","J02","organization_members","último admin A","V3 II.8","integração local PostgreSQL WASM","REPROVADO","EV-SEC-004","DELETE admin final recusado","1 vínculo removido sob rollback","ACH-SEC-004 P1"
"T-SEC-009","REQ-SEC-05","J02/J15","Storage/proposals","vendedor A2 disabled","V3 II.8/9","integração local PostgreSQL WASM","APROVADO","EV-SEC-004","JWT identidade antiga sem linhas","0 linhas após status disabled","Renovação GoTrue real bloqueada"
"T-SEC-010","REQ-SEC-06","J01/J02","convite/Auth trigger","identidade nova A","V3 II.8","integração local PostgreSQL WASM","REPROVADO","EV-SEC-002/004","Cancelado não concede membership","active; accepted=true; cancelled=true","ACH-SEC-005 P1; condição identidade ainda inexistente"
"T-SEC-011","REQ-SEC-06","J01/J02","convite/activate_invite","convidado novo A","V3 II.8","integração local PostgreSQL WASM","REPROVADO","EV-SEC-002/004","Convite elegível para ativação","membership invited; candidatos=0","ACH-SEC-005 P1; GoTrue real não chamado"
"T-SEC-012","REQ-SEC-05","J02","CurrentAccess cache","mesmo usuário A/B","V3 II.8/9","contrato simulado código real","REPROVADO","EV-SEC-005","Atualizar contexto/permissão","Cache A admin; uma RPC","ACH-SEC-007 P2"
"T-SEC-013","REQ-SEC-07","J02/J16","team-members reset_password","admin A; alvo A/B","V3 I.E.14; II.8","contrato simulado código real","REPROVADO","EV-SEC-005","Admin A não muda identidade global B","200 AUTH_GLOBAL_UPDATE password","ACH-SEC-006 P1 condicional; 0 multi-org atuais"
"T-SEC-014","REQ-SEC-08","J02","team-members update_role","admin A","Tela Papéis disponíveis; V3 II.8","contrato simulado código real","REPROVADO","EV-SEC-005","Papel indisponível negado","200 papel alterado","ACH-SEC-008 P2"
"T-SEC-015","REQ-SEC-08","J02","MFA policy","admin A aal1","Tela Exigir MFA; V3 II.8","contrato simulado código real","REPROVADO","EV-SEC-005","Operação sensível exige aal2","200 sem leitura política","ACH-SEC-008 P2; controle hoje informativo"
"T-SEC-016","REQ-SEC-01","J02/J15","documents organization_id","uploader A; org B","V3 I.E.1","integração local PostgreSQL WASM","APROVADO","EV-SEC-004","Transferência cross-org negada","RLS new row violation","Hipótese adversarial refutada"
"T-SEC-017","REQ-SEC-09","J02","Testes existentes de auth/organização","fixtures unitárias","baseline local","teste unitário 4 arquivos 8 casos","APROVADO","EV-SEC-008","Suíte focal passa","8 passaram","Não substitui casos adversariais novos"
"T-SEC-018","REQ-SEC-10","J15","RLS/views","catálogo remoto","V3 II.9","inspeção catálogo remoto SELECT","APROVADO","EV-SEC-006/007","Tabelas RLS; view invoker","106/106 RLS; view invoker","Não aprova predicados/GRANTs de negócio"
"T-SEC-019","REQ-SEC-10","J15","RPC segredos/sessões/purge","anon/authenticated","V3 II.9","inspeção catálogo remoto SELECT","APROVADO","EV-SEC-007","Sem EXECUTE cliente em helpers serviço","EXECUTE falso nas RPCs de segredo/sessões","Transporte/exfiltração real não executado"
"T-SEC-020","REQ-SEC-11","J02/J16","Dono plataforma/suporte","nível global","V3 II.8/19","inspeção estática catálogo/código","REPROVADO","EV-SEC-006; SEGURANCA_E_ACESSOS","Papéis e suporte contextual distintos","Não encontrados no escopo","ACH-SEC-009 P1 implementação"
"T-SEC-021","REQ-SEC-11","J16","Plano/suspensão/módulos","tenant A/B","V3 II.19","inspeção estática catálogo/código","REPROVADO","EV-SEC-006; SEGURANCA_E_ACESSOS","Autoridade contratual e lifecycle","Não encontrada","ACH-SEC-009 P1 implementação"
"T-SEC-022","REQ-SEC-12","J15","Senha vazada Auth","configuração remoto","critério técnico endurecimento","advisor remoto leitura","REPROVADO","EV-SEC-007","Proteção contra senha comprometida","Disabled WARN","ACH-SEC-010 P2 configuração"
"T-SEC-023","REQ-SEC-13","J01/J02","set_active_organization","perfil sem contexto","Contrato client/RPC","inspeção estática + catálogo","REPROVADO","EV-SEC-001; organizationSession.ts:34","Parâmetro RPC correspondente","target_organization_id vs _organization_id","ACH-SEC-011 P2"
"T-SEC-024","REQ-SEC-08","J02","Matriz visual papéis","SDR/CX","V3 II.8/15","inspeção estática","REPROVADO","UsersAccessWorkspace.tsx:43; permissions.ts:16","UI corresponde backend","Prévia atribuídos vs todos; permissão inexistente","ACH-SEC-012 P2"
"T-SEC-025","REQ-SEC-14","J15","Backup restore/migração falha","homologação","V3 II.18/23D","teste de recuperação pendente","BLOQUEADO","SEGURANCA_E_ACESSOS","Restore verificável em isolamento","Sem ambiente isolado/restauração disponível","Acesso e teste"
"T-SEC-026","REQ-SEC-05","J02","Duas abas/refresh/logout/recuperação","dois usuários A e B reais teste","V3 II.8/9","E2E pendente","BLOQUEADO","SEGURANCA_E_ACESSOS","Revogação/troca contexto consistente","Sem usuários/ambiente de teste isolado","Acesso e teste; não usar contas clientes"
"T-SEC-027","REQ-SEC-02","J15","Storage upload/signed URL/delete","A/B sandbox","V3 II.9/23A","integração sandbox pendente","BLOQUEADO","EV-SEC-007","Ciclo arquivo completo","Catálogo apenas; nenhum upload/URL gerado","Teste com Storage isolado"
"T-SEC-028","REQ-SEC-10","J15","Frontend segredos padrões","src/.github","V3 II.9","inspeção estática busca dirigida","APROVADO","EV-SEC-008","Sem padrões privados nos caminhos examinados","Nenhum hit","Não é varredura histórica/semântica completa"
"T-SEC-029","REQ-SEC-01","J02/J07","Handoff SECURITY DEFINER overrides","CX/SDR deny explícito","V3 II.8/9","inspeção estática parcial","NAO TESTADO","EV-SEC-003","RPC respeita revogação fina","Checa role/ownership em parte dos caminhos","Criar prova RPC com overrides false em banco isolado"
"T-SEC-030","REQ-SEC-14","J15","MFA real/enrollment/session_id","admin sandbox","V3 II.8","integração Auth pendente","BLOQUEADO","SEGURANCA_E_ACESSOS","AAL/revogação real verificável","Nenhuma identidade real alterada","Acesso e teste"
